GQSLEQ.PSEVTAVEGAIVQINCTYQTSG......FYGLSWYQQHDGGAPTFLSYNAL....DGLEET.....GRFSSFLSRSDSYGYLLLQELQMKDSASYFCAVR,
GQNIDQ.PTEMTATEGAIVQINCTYQTSG......FNGLFWYQQHAGEAPTFLSYNVL....DGLEEK.....GRFSSFLSRSKGYSYLLLKELQMKDSASYLCAVR
KDQVFQ.PSTVASSEGAVVEIFCNHSVSN......AYNFFWYLHFPGCAPRLLVKGS......KPSQQ.....GRYNMTYER..FSSSLLILQVREADAAVYYCAVE
AQSVAQPEDQVNVAEGNPLTVKCTYSVSG......NPYLFWYVQYPNRGLQFLLKYITG..DNLVKGS.....YGFEAEFNKSQTSFHLKKPSALVSDSALYFCAVRD
LAKTTQ.PISMDSYEGQEVNITCSHNNIAT.....NDYITWYQQFPSQGPRFIIQGYK.....TKVTN.....EVASLFIPADRKSSTLSLPRVSLSDTAVYYCLVGD
GEDVEQS.LFLSVREGDSSVINCTYTDSS......STYLYWYKQEPGAGLQLLTYIFSN...MDMKQD.....QRLTVLLNKKDKHLSLRIADTQTGDSAIYFCAES
SQKIEQNSEALNIQEGKTATLTCNYTNYS......PAYLQWYRQDPGRGPVFLLLIREN...EKEKRK.....ERLKVTFDTTLKQSLFHITASQPADSATYLCALD
ENQVEHSPHFLGPQQGDVASMSCTYSVSR......FNNLQWYRQNTGMGPKHLLSMYSA...GYEKQK.....GRLNATLLK..NGSSLYITAVQPEDSATYFCAVD
AQSVSQHNHHVILSEAASLELGCNYSYGG......TVNLFWYVQYPGQHLQLLLKYFSG..DPLVKGI.....KGFEAEFIKSKFSFNLRKPSVQWSDTAEYFCAVN
AQSVTQLDSHVSVSEGTPVLLRCNYSSSY......SPSLFWYVQHPNKGLQLLLKYTSA..ATLVKGI.....NGFEAEFKKSETSFHLTKPSAHMSDAAEYFCVVS
AQSVTQPDIHITVSEGASLELRCNYSYGA......TPYLFWYVQSPGQGLQLLLKYFSG..DTLVQGI.....KGFEAEFKRSQSSFNLRKPSVHWSDAAEYFCAVG
AQSVTQLGSHVSVSEGALVLLRCNYSSSV......PPYLFWYVQYPNQGLQLLLKYTSA..ATLVKGI.....NGFEAEFKKSETSFHLTKPSAHMSDAAEYFCAVS
AQSVTQLDSQVPVFEEAPVELRCNYSSSV......SVYLFWYVQYPNQGLQLLLKYLSG..STLVESI.....NGFEAEFNKSQTSFHLRKPSVHISDTAEYFCAVS
GDSVVQTEGQVLPSEGDSLIVNCSYETTQ......YPSLFWYVQYPGEGPQLHLKAMKA...NDKGRN.....KGFEAMYRKETTSFHLEKDSVQESDSAVYFCALS
GNSVTQMEGPVTLSEEAFLTINCTYTATG......YPSLFWYVQYPGEGLQLLLKATKA...DDKGSN.....KGFEATYRKETTSFHLEKGSVQVSDSAVYFCALS
KNQVEQSPQSLIILEGKNCTLQCNYTVSP......FSNLRWYKQDTGRGPVSLTIMTFS...ENTKSN.....GRYTATLDADTKQSSLHITASQLSDSASYICVVS
RKEVEQDPGPFNVPEGATVAFNCTYSNSA......SQSFFWYRQDCRKEPKLLMSVYS....SGN.ED.....GRFTAQLNRASQYISLLIRDSKLSDSATYLCVVN
QKEVEQNSGPLSVPEGAIASLNCTYSDRG......SQSFFWYRQYSGKSPELIMFIYS....NGDKED.....GRFTAQLNKASQYVSLLIRDSQPSDSATYLCAVN
QKEVEQDPGPLSVPEGAIVSLNCTYSNSA......FQYFMWYRQYSRKGPELLMYTYS....SGNKED.....GRFTAQVDKSSKYISLFIRDSQPSDSATYLCAMS
GENVEQHPSTLSVQEGDSAVIKCTYSDSA......SNYFPWYKQELGKGPQLIIDIRSN...VGEKKD.....QRIAVTLNKTAKHFSLHITETQPEDSAVYFCAAS
GESVGLHLPTLSVQEGDNSIINCAYSNSA......SDYFIWYKQESGKGPQFIIDIRSN...MDKRQG.....QRVTVLLNKTVKHLSLQIAATQPGDSAVYFCAEN
AQKITQTQPGMFVQEKEAVTLDCTYDTSDP.....SYGLFWYKQPSSGEMIFLIYQGSY..DQQNATE.....GRYSLNFQKARKSANLVISASQLGDSAMYFCAMRE
AQRVTQPEKLLSVFKGAPVELKCNYSYSG......SPELFWYVQYSRQRLQLLLRHI......SRESI.....KGFTADLNKGETSFHLKKPFAQEEDSAMYYCALS
SQQGEEDPQALSIQEGENATMNCSYKTSI.......NNLQWYRQNSGRGLVHLILIRSN...EREKHS.....GRLRVTLDTSKKSSSLLITASRAADTASYFCATD
GDSVTQTEGPVTLPERAALTLNCTYQSSY......STFLFWYVQYLNKEPELLLKSSE....NQETDS.....RGFQASPIKSDSSFHLEKPSVQLSDSAVYYCALR
AQKVTQAQTEISVVEKEDVTLDCVYETRDT.....TYYLFWYKQPPSGELVFLIRRNSF..DEQNEIS.....GRYSWNFQKSTSSFNFTITASQVVDSAVYFCALSE
EDQVTQSPEALRLQEGESSSLNCSYTVSG......LRGLFWYRQDPGKGPEFLFTLYSA...GEEKEK.....ERLKATLTK..KESFLHITAPKPEDSATYLCAVQ
KQEVTQIPAALSVPEGENLVLNCSFTDSA......IYNLQWFRQDPGKGLTSLLLIQSS...QREQTS.....GRLNASLDKSSGRSTLYIAASQPGDSATYLCAVR
GIQVEQSPPDLILQEGANSTLRCNFSDSV.......NNLQWFHQNPWGQLINLFYIPS.....GTKQN.....GRLSATTVATERYSLLYISSSQTTDSGVYFCAVE
QQQVKQSPQSLIVQKGGISIINCAYENTA......FDYFPWYQQFPGKGPALLIAIRPD...VSEKKE.....GRFTISFNKSAKQFSLHIMDSQPGDSATYFCAAS
ILNVEQSPQSLHVQEGDSTNFTCSFPSSN......FYALHWYRWETAKSPEALFVMTLN...GDEKKK.....GRISATLNTKEGYSYLYIKGSQPEDSATYLCAF
GQQVMQIPQYQHVQEGEDFTTYCNSSTTL.......SNIQWYKQRPGGHPVFLIQLVKS...GEVKKQ.....KRLTFQFGEAKKNSSLHITATQTTDVGTYFCAG
DAKTTQ.PPSMDCAEGRAANLPCNHSTISG.....NEYVYWYRQIHSQGPQYIIHGLK.....NNETN.....EMASLIITEDRKSSTLILPHATLRDTAVYYCIVRV
DAKTTQ.PNSMESNEEEPVHLPCNHSTISG.....TDYIHWYRQLPSQGPEYVIHGLT.....SNVNN.....RMASLAIAEDRKSSTLILHRATLRDAAVYYCILRD
TQLLEQSPQFLSIQEGENLTVYCNSSSVF.......SSLQWYRQEPGEGPVLLVTVVTG...GEVKKL.....KRLTFQFGDARKDSSLHITAAQPGDTGLYLCAG
DQQVKQNSPSLSVQEGRISILNCDYTNSM......FDYFLWYKKYPAEGPTFLISISSI...KDKNED.....GRFTVFLNKSAKHLSLHIVPSQPGDSAVYFCAAS
QQPV.QSPQAVILREGEDAVINCSSSKAL.......YSVHWYRQKHGEAPVFLMILLKG...GEQKGH.....EKISASFNEKKQQSSLYLTASQLSYSGTYFCGTE
SQELEQSPQSLIVQEGKNLTINCTSSKTL.......YGLYWYKQKYGEGLIFLMMLQKG...GEEKSH.....EKITAKLDEKKQQSSLHITASQPSHAGIYLCGAD
GQQLNQSPQSMFIQEGEDVSMNCTSSSIF.......NTWLWYKQEPGEGPVLLIALYKA...GELTSN.....GRLTAQFGITRKDSFLNISASIPSDVGIYFCAGQ
EDKVVQSPLSLVVHEGDTVTLNCSYEVTN......FRSLLWYKQEKKAP.TFLFMLTSS...GIEKKS.....GRLSSILDKKELSSILNITATQTGDSAIYLCAVE
AQTVTQSQPEMSVQEAETVTLSCTYDTSEN.....NYYLFWYKQPPSRQMILVIRQEAY..KQQNATE.....NRFSVNFQKAAKSFSLKISDSQLGDTAMYFCAFMK
AQTVTQSQPEMSVQEAETVTLSCTYDTSES.....DYYLFWYKQPPSRQMILVIRQEAY..KQQNATE.....NRFSVNFQKAAKSFSLKISDSQLGDAAMYFCAYRS
ELKVEQNPLFLSMQEGKNYTIYCNYSTTS.......DRLYWYRQDPGKSLESLFVLLSN...GAVKQE.....GRLMASLDTKARLSTLHITAAVHDLSATYFCAVD
SNSVKQT.GQITVSEGASVTMNCTYTSTG......YPTLFWYVEYPSKPLQLLQRET......MENSK.....NFGGGNIKD..KNSPIVKYSVQVSDSAVYYCLLG
KNEVEQSPQNLTAQEGEFITINCSYSVGI.......SALHWLQQHPGGGIVSLFMLSS.....GKKKH.....GRLIATINIQEKHSSLHITASHPRDSAVYICAVR
