GQSLEQPSEVTAVEGAIVQINCTYQTSGFYGLSWYQQHDGGAPTFLSYNALDGLEETGRFSSFLSRSDSYGYLLLQELQMKDSASYFCAVR,
GQNIDQPTEMTATEGAIVQINCTYQTSGFNGLFWYQQHAGEAPTFLSYNVLDGLEEKGRFSSFLSRSKGYSYLLLKELQMKDSASYLCAVR
KDQVFQPSTVASSEGAVVEIFCNHSVSNAYNFFWYLHFPGCAPRLLVKGSKPSQQGRYNMTYERFSSSLLILQVREADAAVYYCAVE
AQSVAQPEDQVNVAEGNPLTVKCTYSVSGNPYLFWYVQYPNRGLQFLLKYITGDNLVKGSYGFEAEFNKSQTSFHLKKPSALVSDSALYFCAVRD
LAKTTQPISMDSYEGQEVNITCSHNNIATNDYITWYQQFPSQGPRFIIQGYKTKVTNEVASLFIPADRKSSTLSLPRVSLSDTAVYYCLVGD
GEDVEQSLFLSVREGDSSVINCTYTDSSSTYLYWYKQEPGAGLQLLTYIFSNMDMKQDQRLTVLLNKKDKHLSLRIADTQTGDSAIYFCAES
SQKIEQNSEALNIQEGKTATLTCNYTNYSPAYLQWYRQDPGRGPVFLLLIRENEKEKRKERLKVTFDTTLKQSLFHITASQPADSATYLCALD
ENQVEHSPHFLGPQQGDVASMSCTYSVSRFNNLQWYRQNTGMGPKHLLSMYSAGYEKQKGRLNATLLKNGSSLYITAVQPEDSATYFCAVD
AQSVSQHNHHVILSEAASLELGCNYSYGGTVNLFWYVQYPGQHLQLLLKYFSGDPLVKGIKGFEAEFIKSKFSFNLRKPSVQWSDTAEYFCAVN
AQSVTQLDSHVSVSEGTPVLLRCNYSSSYSPSLFWYVQHPNKGLQLLLKYTSAATLVKGINGFEAEFKKSETSFHLTKPSAHMSDAAEYFCVVS
AQSVTQPDIHITVSEGASLELRCNYSYGATPYLFWYVQSPGQGLQLLLKYFSGDTLVQGIKGFEAEFKRSQSSFNLRKPSVHWSDAAEYFCAVG
AQSVTQLGSHVSVSEGALVLLRCNYSSSVPPYLFWYVQYPNQGLQLLLKYTSAATLVKGINGFEAEFKKSETSFHLTKPSAHMSDAAEYFCAVS
AQSVTQLDSQVPVFEEAPVELRCNYSSSVSVYLFWYVQYPNQGLQLLLKYLSGSTLVESINGFEAEFNKSQTSFHLRKPSVHISDTAEYFCAVS
GDSVVQTEGQVLPSEGDSLIVNCSYETTQYPSLFWYVQYPGEGPQLHLKAMKANDKGRNKGFEAMYRKETTSFHLEKDSVQESDSAVYFCALS
GNSVTQMEGPVTLSEEAFLTINCTYTATGYPSLFWYVQYPGEGLQLLLKATKADDKGSNKGFEATYRKETTSFHLEKGSVQVSDSAVYFCALS
KNQVEQSPQSLIILEGKNCTLQCNYTVSPFSNLRWYKQDTGRGPVSLTIMTFSENTKSNGRYTATLDADTKQSSLHITASQLSDSASYICVVS
RKEVEQDPGPFNVPEGATVAFNCTYSNSASQSFFWYRQDCRKEPKLLMSVYSSGNEDGRFTAQLNRASQYISLLIRDSKLSDSATYLCVVN
QKEVEQNSGPLSVPEGAIASLNCTYSDRGSQSFFWYRQYSGKSPELIMFIYSNGDKEDGRFTAQLNKASQYVSLLIRDSQPSDSATYLCAVN
QKEVEQDPGPLSVPEGAIVSLNCTYSNSAFQYFMWYRQYSRKGPELLMYTYSSGNKEDGRFTAQVDKSSKYISLFIRDSQPSDSATYLCAMS
GENVEQHPSTLSVQEGDSAVIKCTYSDSASNYFPWYKQELGKGPQLIIDIRSNVGEKKDQRIAVTLNKTAKHFSLHITETQPEDSAVYFCAAS
GESVGLHLPTLSVQEGDNSIINCAYSNSASDYFIWYKQESGKGPQFIIDIRSNMDKRQGQRVTVLLNKTVKHLSLQIAATQPGDSAVYFCAEN
AQKITQTQPGMFVQEKEAVTLDCTYDTSDPSYGLFWYKQPSSGEMIFLIYQGSYDQQNATEGRYSLNFQKARKSANLVISASQLGDSAMYFCAMRE
AQRVTQPEKLLSVFKGAPVELKCNYSYSGSPELFWYVQYSRQRLQLLLRHISRESIKGFTADLNKGETSFHLKKPFAQEEDSAMYYCALS
SQQGEEDPQALSIQEGENATMNCSYKTSINNLQWYRQNSGRGLVHLILIRSNEREKHSGRLRVTLDTSKKSSSLLITASRAADTASYFCATD
GDSVTQTEGPVTLPERAALTLNCTYQSSYSTFLFWYVQYLNKEPELLLKSSENQETDSRGFQASPIKSDSSFHLEKPSVQLSDSAVYYCALR
AQKVTQAQTEISVVEKEDVTLDCVYETRDTTYYLFWYKQPPSGELVFLIRRNSFDEQNEISGRYSWNFQKSTSSFNFTITASQVVDSAVYFCALSE
EDQVTQSPEALRLQEGESSSLNCSYTVSGLRGLFWYRQDPGKGPEFLFTLYSAGEEKEKERLKATLTKKESFLHITAPKPEDSATYLCAVQ
KQEVTQIPAALSVPEGENLVLNCSFTDSAIYNLQWFRQDPGKGLTSLLLIQSSQREQTSGRLNASLDKSSGRSTLYIAASQPGDSATYLCAVR
GIQVEQSPPDLILQEGANSTLRCNFSDSVNNLQWFHQNPWGQLINLFYIPSGTKQNGRLSATTVATERYSLLYISSSQTTDSGVYFCAVE
QQQVKQSPQSLIVQKGGISIINCAYENTAFDYFPWYQQFPGKGPALLIAIRPDVSEKKEGRFTISFNKSAKQFSLHIMDSQPGDSATYFCAAS
ILNVEQSPQSLHVQEGDSTNFTCSFPSSNFYALHWYRWETAKSPEALFVMTLNGDEKKKGRISATLNTKEGYSYLYIKGSQPEDSATYLCAF
GQQVMQIPQYQHVQEGEDFTTYCNSSTTLSNIQWYKQRPGGHPVFLIQLVKSGEVKKQKRLTFQFGEAKKNSSLHITATQTTDVGTYFCAG
DAKTTQPPSMDCAEGRAANLPCNHSTISGNEYVYWYRQIHSQGPQYIIHGLKNNETNEMASLIITEDRKSSTLILPHATLRDTAVYYCIVRV
DAKTTQPNSMESNEEEPVHLPCNHSTISGTDYIHWYRQLPSQGPEYVIHGLTSNVNNRMASLAIAEDRKSSTLILHRATLRDAAVYYCILRD
TQLLEQSPQFLSIQEGENLTVYCNSSSVFSSLQWYRQEPGEGPVLLVTVVTGGEVKKLKRLTFQFGDARKDSSLHITAAQPGDTGLYLCAG
DQQVKQNSPSLSVQEGRISILNCDYTNSMFDYFLWYKKYPAEGPTFLISISSIKDKNEDGRFTVFLNKSAKHLSLHIVPSQPGDSAVYFCAAS
QQPVQSPQAVILREGEDAVINCSSSKALYSVHWYRQKHGEAPVFLMILLKGGEQKGHEKISASFNEKKQQSSLYLTASQLSYSGTYFCGTE
SQELEQSPQSLIVQEGKNLTINCTSSKTLYGLYWYKQKYGEGLIFLMMLQKGGEEKSHEKITAKLDEKKQQSSLHITASQPSHAGIYLCGAD
GQQLNQSPQSMFIQEGEDVSMNCTSSSIFNTWLWYKQEPGEGPVLLIALYKAGELTSNGRLTAQFGITRKDSFLNISASIPSDVGIYFCAGQ
EDKVVQSPLSLVVHEGDTVTLNCSYEVTNFRSLLWYKQEKKAPTFLFMLTSSGIEKKSGRLSSILDKKELSSILNITATQTGDSAIYLCAVE
AQTVTQSQPEMSVQEAETVTLSCTYDTSENNYYLFWYKQPPSRQMILVIRQEAYKQQNATENRFSVNFQKAAKSFSLKISDSQLGDTAMYFCAFMK
AQTVTQSQPEMSVQEAETVTLSCTYDTSESDYYLFWYKQPPSRQMILVIRQEAYKQQNATENRFSVNFQKAAKSFSLKISDSQLGDAAMYFCAYRS
ELKVEQNPLFLSMQEGKNYTIYCNYSTTSDRLYWYRQDPGKSLESLFVLLSNGAVKQEGRLMASLDTKARLSTLHITAAVHDLSATYFCAVD
SNSVKQTGQITVSEGASVTMNCTYTSTGYPTLFWYVEYPSKPLQLLQRETMENSKNFGGGNIKDKNSPIVKYSVQVSDSAVYYCLLG
KNEVEQSPQNLTAQEGEFITINCSYSVGISALHWLQQHPGGGIVSLFMLSSGKKKHGRLIATINIQEKHSSLHITASHPRDSAVYICAVR
